post_num,links,img_url,timestamp,num_comments,num_likes,caption
63,https://www.instagram.com/p/Bm8qcoQg5RvNrxYd2LZudDKPGfEKQj7UzkdVGU0/?taken-by=shahrzadseries,https://instagram.fevn1-2.fna.fbcdn.net/vp/1d9f42bafb328534af1efe39cb3c1c38/5BD7CA89/t51.2885-15/e35/39613375_300383924071339_4423993989087100928_n.jpg,1535299158,3,36,. . . ููุง ุบููุชูููู ูุง ุจ ุฑูุง ุงู ุฌูฺฏูุง ุณุฑุฏููููููููู ุฒูุฏฺฏูููู ฺฉูู ุจุจู ููุง ฺฉุดุชูู ููุง ุจ ูุจุฑุฏููููููููู . . ฺฏุงูู ุจุงูุฏ ุฏุฑุฏููู ุจฺฏูุฑู ูู ุจู ุฎูุฏููู ุชูููู ุจุฏูู. ูุง ุฑููุฒู ูุงู ุงุฎูุงู ุงูู ุจุฑูู ุงุฒ ุชุงุฑูุฎููุ ููุชู ุขููุฏฺฏุงู ุจุง ุงูุฒุฌุงุฑ ุงุฒููู ูุงุฏ ูู ููู. ููู ุงูฺฏุดุช ุงุชูุงู ุฑู ุจู ุณูู ุฏูฺฏุฑู ุฏุฑุงุฒ ูุฑุฏูู ู ุฎูุฏููู ุฑู ูุจุฑุง ุงุฒ ุฎุทุง ู ุงุดุชุจุงู ุฏููุณุชููุ ุบุงูู ุงุฒ ุงูููู ุชู ูุฌูุฏ ุชู ุชูููู ูู ุฑุงูุช ุฎูุงุฑุ ูู ุจู ุฑุญู ู ุจู ุชูุฌู ุจู ุงูุถุงุน ุจููู ูุฑุฏู ู ูู ุฏููุชุงุชูุฑ ุฎูุงุจูุฏู ู ุงูุงู ุงุฒ ุฑูุฒู ูู ุจู ูุฏุฑุช ุจุฑุณููุ ููฺ ูุฑูู ุจุง ุญุงููุงูููู ูุฏุงุฑูู. ุงฺฏู ูุจูุง ููุดุฏ ุงูู ุฑู ูุชูุงู ูุฑุฏุ ุชุฌุฑุจู ุงูู ููุช ูุงูู ุฏูู ุฏุฑูู ุฎููู ูุงููู ุฑู ุขุดูุงุฑ ูุฑุฏ. ุฏุฑุฏููู ุจฺฏูุฑูุ ุงุฒ ูุฑุฏูู ูู ุงฺฏู ููู ุฏููุง ู ุญุงููุงู ูุดูุฑ ุจูุดูู ุฑุญู ููููุ ุฎูุฏุดูู ูู ุจูู ุฑุญู ููู ููู! . . . #ุนู_ุฒูุฏูฺฉู#ุญุณู_ุบุงุซ#ุชูุฎู_ุงูุง_ุจุง_ูู_ูุจูุฏูู#ูุง_ุขุฏูุง_ุดูุฑ_ุญุณูุฏู#ุฎุณุชู_ุงุฒ_ฺฉุงุจูุณ_ุฑูุชู#ุฏูุฑ_ุงุฒ_ุงูู_ุฑูุฒุง_ุฑูุดู#ูุง_ูุงูุนุง_ุจุง_ูู_ฺู_ฺฉุฑุฏู#ุณูู_ฺฉุจูุฏ#ุฑููุฒู_ูุง_ุงุฎูุงู _____________________ caption:@elham_mjrb
62,https://www.instagram.com/p/BmC3oUCAyJs2ajN4mi6EvIbuVN6P56UkU73bd00/?taken-by=shahrzadseries,https://instagram.fevn1-2.fna.fbcdn.net/vp/89f711ade873694ed1797636a7a73fce/5C7BD7FE/t51.2885-15/e35/37704532_1524706184300788_1169014343338033152_n.jpg,1533359628,6,210,. . . ุฎููุช ุฏุงุฑู ู ุญุงู ุจุง ุฎุงูู ุฎูุดุชู . . . . . . #ุญุงุท_ุช #ุชุงุจุณุชูู #ุดูุฑุงุฑ #ูุฑุฏุงุฏ #ุณุจุฒ
61,https://www.instagram.com/p/Bk73ItlgLUDv6EA_5vnHan-bDP1k1ndtm4SJ5Y0/?taken-by=shahrzadseries,https://instagram.fevn1-2.fna.fbcdn.net/vp/450ac1332bcd382a391cd36c23225e9f/5C68DE9C/t51.2885-15/e35/36147970_625841414437851_4685105426335793152_n.jpg,1530977005,3,146,. . . .  ุฏุงููุฏู ุชูุ ูุฑุขูฺู ุฏุงูุ ุขู ุฏูู ... . . .
60,https://www.instagram.com/p/Bj7UuS8AsX3ji3Ha0d0NHyy_ZGvbWOSHRNmG6Q0/?taken-by=shahrzadseries,https://instagram.fevn1-2.fna.fbcdn.net/vp/d8474a9691f09a89acf1ff7b50811cf3/5C68C804/t51.2885-15/e35/33559735_195873064300484_4277341519016361984_n.jpg,1528811479,6,130,. . โ. . ุตุจุญ ูุง ุณุงุนุช ฺฉ ุฑุจุน ุจู ูุดุช ฺฉู ุจู ูุฏุฑุณู ู ุฑุณุฏู ฺฏุฑูู ฺฉู ุฏุฑ ุญุงุท ุฏุฑุณ ู ุฎูุงูุฏูุฏ ูุงููุฏ ุงุดุจุงุญ ุณุฑฺฏุฑุฏุงู ุงุฒ ุงู ุณู ุจู ุขู ุณู ู ุฑูุชูุฏ ู ฺฏุงู ุจู ูู ุจุฑ ู ุฎูุฑุฏูุฏ ู ุดุงฺฉ ู ุดุฏูุฏ ฺฉู ฺุฑุง ุฏุฑ ุฎุท ูู ุฑุงู ู ุฑู. ุงูุง ูพุงุชูู ูู ูุงููุฏ ุงฺฉุซุฑุช ฺฏูุดู ูุง ุญุงุท ู ฺฉูุงุฑ ุฏูุงุฑ ุจูุฏ .ุฌุง ุขุฏู ูุง ุจูุฏ ฺฉู ู ุฎูุงุณุชูุฏ ฺฉ ุฎุท ุฏุฑุณ ุจุฎูุงููุฏ ู ฺฉ ุฎุท ุฎุงุทุฑู ุชุนุฑู ฺฉููุฏ. ููุงุฒ ุฎุงูู ูู ุฌุง ุขุฏู ูุง ุจูุฏ ฺฉู ุฌูุฑุงุจ ุขุจุฑูููุฏ ุจู ูพุง ุฏุงุดุชูุฏ! ฺฏุฐุฑ ุงุฒ ฺฏุงุฑุฏ ุจุงุฒุฑุณ ุฌุงูุฏุงุฏ ููุดู ุจุฑุง ูู ูุดฺฉู ุจูุฏ ุ ฺูู ุฌุจ ูุงู ุจู ูุทู ูุงุฏุฑ ูพุฑ ุงุฒ ฺฉุดูุด ู ุชุฎูู ู ฺูุฏ ุจุฑฺฏ ฺฏู ูุญูุฏ ุจูุฏ ู ุชุง ุฌุงูุฏุงุฏ ุฑุง ุงุฒ ุจูุงู ุฌุจ ูุงู ุฎุงุฑุฌ ู ฺฉุฑุฏู ุทูู ู ฺฉุดุฏ. ูุฑุงูุจ ุฎูุฏ ุฏุงุณุชุงู ุจูุฏ ู ูุดุฎุต ุงุณุช ููู ฺู ุฌูุฑ ูุฑุงูุจ ุฏูุณุช ุฏุงุฑูุฏ! ุงูุง ูู ุจู ูุทู ุงูู ู ุณุฑู ูุงููู ุฏุฑ ุงู ุจุงุจุช ุงุฒ ูุฑ ุฏู ุฌูุงู ุขุฒุงุฏู ฺูู ุชููุจ ฺฉุฑุฏู ุฏุฑ ูุฒ ุงูู ุฎุตูุตุง ุจุฑุง ุขุฏู ุขูุงุชูุฑ ูุซู ูู ฺฉู ุจู ูุทู ููู ูุฒ ุงูู ูฺ ููุช ุชููุจ ฺฉุฑุฏู ุฑุง ุงุฏูฺฏุฑูุช ุ ุบุฑููฺฉู ุจูุฏ! ุงู ููุฑู ูุฒ ุงูู ุงุณุช ฺฉู ูุนูู ููุช ุจู ุขู ู ุฑุณุฏ ุ ุงูฺฏุดุช ูุงุด ุฑุง ุฑู ุฒููู ูุฒ ุจุฑ ุงูุฏุงุฒ ฺฉูุฏ ุ ุถุฑุจ ุจฺฏุฑุฏ ุจู ุฏูุงุฑ ุชฺฉู ุฒูุฏ ู ุฒุฑ ูุจ ุฒูุฒูู ฺฉูุฏ. ุญุช ฺฉ ุจุงุฑ ฺฉู ฺฉ ุตูุฏู ุชฺฉ ุฌูู ูุฒู ฺฏุฐุงุดุชู ุ ูุฑุงูุจ ุจู ุฒูุฑ ุฎูุฏ ุฑุง ุจู ูุงุตูู  ุงูุฏฺฉ ุฏูุงุฑ ูุตูุฏู ุฌุง ฺฉุฑุฏ!! ุจุฑุนฺฉุณ ูพุดุช ฺฉูุงุณ ฺฉู ุณุณุชู ูุง ุชููุจ ุฎู ูู ุจูุฏ ู ุจฺู ูุง ูุจุงุญุซ ุฑุง ุชูุณู ฺฉุฑุฏู ุจูุฏูุฏ ู ูุฑ ฺฉุณ ูุณูุช ุฑุง ูพูุดุด ู ุฏุงุฏ ู ูฺ ุฏุณุช ูุง ุชุง ุขุฑูุฌ ู ุณุงู ูพุงูุง ุชุง ุฒุงูู ู ูพุดุช ู ุฑู ุดููุงุฑูุง ู ูููู  ุฎูุฏฺฉุงุฑูุง ููุดุชู ุดุฏู ุจูุฏ. ุญุฏูุฏ ฺฉ ุฑุจุน ุจุนุฏ ุงุฒ ุงูุชุญุงู ฺฉู ุฐูู ูุง ุจุง ุงูุฌุงู ููุฑู ูุง ุฎูู ุขุฑุงู ุดุฏู ุจูุฏ ุญุงุท ูุฏุฑุณู ุจู ุจูุชุฑู ูพุงุฑฺฉ ุฏูุง ุชุจุฏู ู ุดุฏ . ุขูุชุงุจ ุฎุฏุง ู ุชุงุจุฏ ู ุฏุฑ ูุฑ ฺฏูุดู ุจุงุฒ ู ฺฉุฑุฏูุฏ. ููุชุจุงูุ ูพุฑุชุงุจ ุณูฺฏ ุจู ุงูุฏุงู ุซุงุจุช ุง ูพุฑูุงุฒ ู... ู ุงูุชุธุงุฑ ุจุฑุง ุฏูุณุช ฺฉู ุงุญุชูุงูุง ุจุนุฏ ุงุฒ ูุตูู ุงูุฏุงุฏูุง ุบุจ ุจุฑฺฏู ุฑุง ุชุญูู ุฏุงุฏู ู ุจู ุขููุง ุงุถุงูู ุดูุฏ. ุงูุชุญุงูุงุช ุฎุฑุฏุงุฏ ูุชูุงูุช ุงูุฏ ุ ุฎูุฑุดุฏ ุฎุฏุง ู ุชุงุจุฏ ู ุตุจุญ ูุงุด ุจู ูพฺฉ ูฺฉ ุดุจุงูุช ุฏุงุฏ! ุงูุชุญุงูุงุช ุชูุงู ุดุฏ ู ูู ุฏุฑ ุชฺฉ ุชฺฉ ุงุนุถุง ูุชุฃููู ู ุงุฒ ููู ุจุดุชุฑ ุฏุฑ ููุจู ุงูฺฏุงุฑ ูููุฒ ุชูุงู ูุดุฏู. ุฏูู ุจุฑุง ููุงฺฉุช ู ุฎูุฏู ูุง ุตุจุญ ุงูุชุญุงู ุชูฺฏ ุดุฏู ุงุณุช. ุจุฑุง ูุนูู ูุง. ุจุฑุง ุฎุงุจุงู ฺฏุฒ ฺฉุฑุฏู ูุง ุจุนุฏ ุงุฒ ุงูุชุญุงู. ุจุฑุง ุงุณุชุฑุณ ุชูุงู ุดุฏู ุฑูฺฏ ุฎูุฏฺฉุงุฑ ุณุฑ ุฌูุณู ู ุจุฑุง ฺฏุฐุงุดุชู ุจุฑฺฏ ฺฏู ูุญูุฏ ุฒุฑ ุฒุจุงู ุจู ุจูุงูู  ุขุฑุงูุด... . . โ. .  #ุงูุชุญุงู_ุฎุฑุฏุงุฏ#ูุฏุฑุณู#ูู_ฺฉูุงุณ#ูุนูู#ุชุงุจุณุชูู#ฺฉุงุฑูุงูู#ุณููพุงุฏุง
59,https://www.instagram.com/p/BjHPyJBgqsk2iqHq67R-GqZyE2U1sY5fiOQYCE0/?taken-by=shahrzadseries,https://instagram.fevn1-2.fna.fbcdn.net/vp/0d52c0e0dbcbd3d9bb1b47d460327fae/5C68CAB9/t51.2885-15/e35/32368388_420286975106555_519941843136282624_n.jpg,1527064058,1,176,. . . . . . ูู ุจุงูุงุฑู ุชู ุฒูู  ูู ุฒููู ุชู ุฏุฑุฎุช  ูู ุฏุฑุฎุชู ุชู ุจุงูุงุฑ ุ ูุงุฒ ุงูฺฏุดุชุง ุจุงุฑูู ุชู ุจุงุบู ู ฺฉูู . . . #ุงุญูุฏ_ุดุงููู
58,https://www.instagram.com/p/BiZOPG9g5Qonmw0Byreg-22BWyFa44u2QL14Tw0/?taken-by=shahrzadseries,https://instagram.fevn1-2.fna.fbcdn.net/vp/fd27e48d012863dc8b22cd94a51360d2/5BD7F731/t51.2885-15/e35/30948616_242009013022330_4988432174446280704_n.jpg,1525519956,2,83,. . . . ุจุงุฑุงู ุนุดู ุจูุฏ ุขูุฏ___ . .  #ูุงุตุฑ_ฺุดู_ุขุฐุฑ #ููุณุชุงูฺ #ุจุงุฑุงู_ุนุดู #ุฎูุงูุฑุงู_ุบุฑูุจ  #ูุตู_ูุง_ูุฌุฏ #ูุงููู #ุชู_ุจุฑูุต #ุดุจูุง_ุชูุฑุงู #ุทููุน_ุนุดู #ุดฺฉููู_ูุง_ุงุฑุงู
57,https://www.instagram.com/p/BiRNLWoAS-gJTHW0tYGsxYwllKPKYC7TAoYbog0/?taken-by=shahrzadseries,https://instagram.fevn1-2.fna.fbcdn.net/vp/8170a3dc7fd188ded9ed69d7c323e9ef/5C6EF58A/t51.2885-15/e35/30894207_196320907653697_3296551862567698432_n.jpg,1525250753,0,193,. . . .  ุฎูุดุง ุฏุฑุฏ! ฺฉู ุฏุฑูุงูุด ุชู ุจุงุด  ุฎูุดุง ุฑุงู! ฺฉู ูพุงุงูุด ุชู ุจุงุด  ุฎูุดุง ฺุดู! ฺฉู ุฑุฎุณุงุฑ ุชู ุจูุฏ  ุฎูุดุง ููฺฉ! ฺฉู ุณูุทุงูุด ุชู ุจุงุด  #ุนุฑุงู
56,https://www.instagram.com/p/BhqebOhA-FGKqwY4IIuj54912Nub4L3djbZ65Y0/?taken-by=shahrzadseries,https://instagram.fevn1-2.fna.fbcdn.net/vp/7a87f80b3bdcae985ddc2acf9f44aa52/5C713432/t51.2885-15/e35/30841555_1692318784183506_7014918407510294528_n.jpg,1523951173,4,164,. . . . #ุญ ุงู ุงุณุช ฺฉู ุนุงูู ุฑุง ุจู ูุธุฑ ุฎูุด ุฒูุฏู ูโฺฏุฑุฏุงูุฏุ  ู ุขูฺฉู ุจุฏู ู ุจู ูุธุฑ ุงู ุฒูุฏู ูุจุงุดุฏุ ูุฑุฏูโุง ุงุณุช ุ  ุงฺฏุฑฺู ุณุฎู ฺฏูุฏ ู ุจุฌูุจุฏ!  #ุญุณู_ุจู_ููุตูุฑ_ุงูุญูุงุฌ #ุงฺฉุณฺู
55,https://www.instagram.com/p/Bhb3ZRMAN6tdyXhh2VXVe7am_x0mIo2sybgswM0/?taken-by=shahrzadseries,https://instagram.fevn1-2.fna.fbcdn.net/vp/5bc24bfdb47f83eecf45805a4814d17f/5C7D5EC5/t51.2885-15/e35/29737107_1609502995835735_8335691198299635712_n.jpg,1523460948,0,280,. . . . ุงฺฉุซุฑ ุฑูุฌ ูุง ูุง ูุงุด ุงุฒ ุงู ุงุณุช ฺฉู ุจุง ุฎูุงุณุชู ูุง ู ุชูุงูุงุช ุจุฑุงูฺฏุฎุชู ูุดูู ู ุจุนุฏ ุ ููุช ุฎูุงุณุชู ุจุฑุขูุฑุฏู ู ุดูุฏ ุงุฒ ูุญุธู ุงุฑุถุง ุขู ูุฐุช ู ุจุฑู. ูุญุธู ุง ฺฉู ุฎู ุฒูุฏ ุชุจุฏู ุจู ุฏูุฒุฏฺฏ ู ฺฉุณุงูุช ูุดูุฏ ู ุณูพุณ ุงู ุฏูุฒุฏฺฏ ุจุง ุจุฑูุฒ ู ุณุฑ ุจุฑุขูุฑุฏู ุฎูุงุณุชู ุง ุฏฺฏุฑ ูุชููู ู ุดูุฏ. ุงู ฺุฑุฎู ุฎูุงุณุชู ูุฏุงูู ุ ุงุฑุถุง ูุญุธู ุง ุ ุฏูุฒุฏฺฏ ู ุฎูุงุณุชู ุจุนุฏ ุจูุงุฑ ุจุดุฑ ุฏุฑ ุงู ุฌูุงู ุงุณุช.  #ุงุฑูู_ุงููู #ุฌูุช_ุดุด
54,https://www.instagram.com/p/BggIlc_H3YZN71njpswiF6rhcrsMT18BLRZ80I0/?taken-by=shahrzadseries,https://instagram.fevn1-2.fna.fbcdn.net/vp/1ce361655a842653ee3c71aa81975c5c/5C4C82C8/t51.2885-15/e35/28766225_797829860412225_8644037753861832704_n.jpg,1521456694,4,135,. . . .  ูพุด ุข ุจูุงุฑ ุฎูุจ ุชู ุงุตู ูุตู ูุง . . . . . .  #ูููุงูุง#ุดุงุฎู
53,https://www.instagram.com/p/BfK7CyOnavv_Ki6fENUSoksx0rduoRNpj9nm2M0/?taken-by=shahrzadseries,https://instagram.fevn1-2.fna.fbcdn.net/vp/4b5e50e7622e6264193c21a488be8f33/5C86F8ED/t51.2885-15/e35/27580527_867826226711372_8850217006071283712_n.jpg,1518597468,1,139,. . . . ุชู ุฏุฑุฎุชูููู ุฎูุจููููู ููุธุฑ  ููููู ููููโ ุง ููููููฺฉู ฺู ฺฉูู ุจู ุฏุณุชููููู ฺฉูุชูู ฺฉู ููโุฑุณูุฏ ุจู ุณุจุชููููู . . . #ุณุนุฏ
52,https://www.instagram.com/p/BeKhYcfH9B15-qOiySggmTzeaBlRYG9Xk2i6EM0/?taken-by=shahrzadseries,https://instagram.fevn1-2.fna.fbcdn.net/vp/f5f67b4558769afb114af9ce9d9176a3/5C834991/t51.2885-15/e35/26871056_187651245160349_3979260901659246592_n.jpg,1516436530,2,129,. . . . . ูู ฺู ุณุจุฒู ุงูุฑูุฒ . . . #ุดุงุฎู #ุณูุฑุงุจ
51,https://www.instagram.com/p/BdbwitonWoMPjJR1VXRrFbi8ydB5JRx824aNjs0/?taken-by=shahrzadseries,https://instagram.fevn1-2.fna.fbcdn.net/vp/ec1dc1a8a30412fc4cd8f34ba43cdb49/5C7272C6/t51.2885-15/e35/26305918_1278857618924522_38720216800165888_n.jpg,1514867420,3,191,. . . . ุนุงูุจุช ุขู ุณุฑู  ุณุจุฒุข ุณุจุฒ ุฎูุงูุฏ ฺฏุดุช ู  ุจุงูุงุจุงู  ุนุงูุจุช ุขู ุตุจุญ ุฎูุงูุฏ ุฑูุณุช  ูุฒ ูุงู ุจุงูุฑ ูุฑุชูุช ูุง  ุงููุง  ุงุฒ ูุงู ุฏูุชุฑ ููุงุด ุงุทูุงู . . . .  #ุดูุน_ฺฉุฏฺฉู #ุทููุน #ุงุฑุงู
50,https://www.instagram.com/p/Bc2IAOWnFTmlXtMj9Nuc-Cld4OfMc1ZkmJPpl80/?taken-by=shahrzadseries,https://instagram.fevn1-2.fna.fbcdn.net/vp/785d32b2751e6e0ccc8f07329479c6ef/5C688974/t51.2885-15/e35/25012650_133051830814315_5562088961645477888_n.jpg,1513604652,0,137,. . . . ุฏุฑ ุฌู ุฒูุงู ุ ุฏุฑ ุฎูุงุจ ุชูุงุดุง ุชู ู ุฑูู. ุณูุง ุฑูุงู ุ ุจุง ุดุจูู ุงูุดุงู ุชู ู ุดูู. ูพุฑูุงู ุ ูพุฑูพุฑ ุดุฏู ุงู. ฺุดู ููุฏู ุ ุจู ูฺฏุงู ุชุฑ ุดุฏู ุงู. ุงู ุณู ูู ุ ุขู ุณูู. ู ุฏุฑ ุขู ุณู ูฺฏุงู ุ ฺุฒ ุฑุง ู ุจููุ ฺุฒ ุฑุง ู ุฌูู. ุณูฺฏ ูู ุดฺฉููุ ุฑุงุฒ ุจุง ููุด ุชู ู ฺฏูู. ุจุฑฺฏ ุงูุชุงุฏ ุ ููุดู ุจุงุฏ ูู ุฒูุฏู ุจู ุงูุฏููู. ุงุจุฑ ุฑูุชุ ูู ฺฉููู: ู ูพุงู. ูู ุจุงุฏู: ู ูพูู. ุฏุฑ ุฏุดุช ุฏฺฏุฑ ุ ฺฏู ุงูุณูุณ ฺู ุจุฑูุฏุ ู ุขูุ ู ุจูู . . #ุณูุฑุงุจ_ุณูพูุฑู
49,https://www.instagram.com/p/Bb3wFoVn-lkIEMcgo9BRQkMslw_jfJR8r2jiR40/?taken-by=shahrzadseries,https://instagram.fevn1-2.fna.fbcdn.net/vp/ebfd7773410e26eb47a438575f9ec00c/5C65FBDE/t51.2885-15/e35/23824820_372697806506305_3449238937782976512_n.jpg,1511511739,2,125,. . . .  ุจู ูู ุนูุงุฑุชู ุฏู ฺฉู ฺฉู ุงู ุฌูุงู ู ุฎุฑุงุจ ุจุฑ ุขู ุณุฑ ุงุณุช ฺฉู ุงุฒ ุฎุงฺฉู ูุง ุจุณุงุฒุฏ ุฎูุดุช... . . โ. #ุญุงูุธ
48,https://www.instagram.com/p/BbJeoqlnMLLyrULgPyzbRaMFv87BuabpY1TptI0/?taken-by=shahrzadseries,https://instagram.fevn1-2.fna.fbcdn.net/vp/3e7b894d31faef7502a024c7dc779bd7/5C6B1D53/t51.2885-15/e35/23164659_275185316336363_9026903138765897728_n.jpg,1509959085,1,107,. . . . ูุฑ ฺฉุณ ุฑุง  ฺุฒ ุจู ุฌุง ู ุฑุณุงูุฏ . . . #ฺฉูุงุณ_ููุชู
47,https://www.instagram.com/p/BatGawSn0Ls9jfngskT8Cx13LEyWlCEm09NHCY0/?taken-by=shahrzadseries,https://instagram.fevn1-2.fna.fbcdn.net/vp/bc6c71b51aa6659d5c6c92199b7c5945/5C50B2E3/t51.2885-15/e35/22802792_1466050700168598_7226926866643288064_n.jpg,1509006864,2,144,. . . . . ฺฉูุดุงู  ฺฉูุดุงู  ุจู ุจูุดุชู ุจูุฑููุฏ ู ูู ูุฑูู!  ฺฉู ุฏู ูู ฺฉุดุฏ  ุง ุฏูุณุช  ุฌุฒ ุจุณู ุชูุงู...
46,https://www.instagram.com/p/Bad-strHkpIAvolegeLbAuoqWH0odQoJSZ_-Ro0/?taken-by=shahrzadseries,https://instagram.fevn1-2.fna.fbcdn.net/vp/fdd28ec8cb06feee785ee772ada08fe0/5C7F80D7/t51.2885-15/e35/22708656_1227119790726746_1006680621252083712_n.jpg,1508499500,3,162,. . . . ูุงูุช ูููุฒ ูู ูุฌุงู ู ุฏูุฏ ูุฑุง ุงู ูพุฑฺู ุดูุงุณุช ุ ุชฺฉุงู ู ุฏูุฏ ูุฑุง...
45,https://www.instagram.com/p/BaMP_lcnkUsrhdMbCHl98x_vzPXROclsvCUoB80/?taken-by=shahrzadseries,https://instagram.fevn1-2.fna.fbcdn.net/vp/5fd04453eef41446f28b5e64883bd4ce/5C7D086A/t51.2885-15/e35/22426761_287754951731381_7779015414708699136_n.jpg,1507904588,0,131,. . . . . ูู ูุฑ ุฏุฑุฎุช ุชุญูู ฺฉูุฏ ุฌูุง ุฎุฒุงู ุบูุงู ููุช ุณุฑูู ฺฉู ุงู ูุฏู ุฏุงุฑุฏ  ุฒ ุณุฑ ุบุจ ฺฉุณ ุขฺฏุงู ูุณุช ูุตู ูุฎูุงู ฺฉุฏุงู ูุญุฑู ุฏู ุฑู ุฏุฑ ุงู ุญุฑู ุฏุงุฑุฏ  #ุญุงูุธ
44,https://www.instagram.com/p/BXWOw-HBAuJr2YK35u3DvJa3MsggIMQeakk3oU0/?taken-by=shahrzadseries,https://instagram.fevn1-2.fna.fbcdn.net/vp/def4f70faf0f3f195db73ddebb2f6607/5C8682DF/t51.2885-15/e35/20589534_108985373107533_5984679748905730048_n.jpg,1501797037,0,148,. . . . ุฎุฑููู ุฒูุฏ ู ุฌุงู ููู  ฺฏูุฑ ฺู ูู ุฏุฑุฎููุฑูููุฏ ุงู ูููู ููุด ูโุฒูู  ุงุฒ ุฌูุชููููููู ุฑุถููุงู ุชู  ุดููุงู โูุดู ฺูุดููู ูู  ุชฺฉู ฺฏู ุฎุงู ุชูุณุชููู ุฌุง ุฏุนุงุณุชูููู ุดุงู ูู  ุจ ุชู ูุจุงุฏ ุฌูููุง ุชููู  #ุง_ุฑุถุง
43,https://www.instagram.com/p/BWhU-I4hgoE5Ay619SAms4T5vAp5Jw1OiYKHOk0/?taken-by=shahrzadseries,https://instagram.fevn1-2.fna.fbcdn.net/vp/1a855ef5cda93992ceb94081844e751b/5C6638C3/t51.2885-15/e35/20066096_710834335779029_4111599736086069248_n.jpg,1500021906,0,133,. . . .  ุจ ุชูุงุดุงฺฏู ุฑูุด  ุจู ุชูุงุดุง ูุฑูู... . . . #ุณุนุฏ
42,https://www.instagram.com/p/BVwcakzhk9apaXpnddNnc-bfoy0kq1KxY1R0YU0/?taken-by=shahrzadseries,https://instagram.fevn1-2.fna.fbcdn.net/vp/33d83b82aa318b26febd26abec69cb90/5C8A2292/t51.2885-15/e35/19379406_474774102855756_700968083233177600_n.jpg,1498381642,0,122,. . . . ูพุฑุชูู ููุฑู ุฑูู ุชู ูุฑ ููุณ ุจู ูุฑ ฺฉุณ  ู ุฑุณุฏ ู ูู ุฑุณุฏ ููุจุช ุงูุชุตุงู ูู  #ุณุนุฏ
41,https://www.instagram.com/p/BVXsT8CBOQrY2hJdBxwOTRv2kxaHV3RZEF1Z6k0/?taken-by=shahrzadseries,https://instagram.fevn1-2.fna.fbcdn.net/vp/0b7767bc5e957a759c4cbda15cb8cc2a/5C6FD15D/t51.2885-15/e35/19121619_1559074884112353_2840047760135159808_n.jpg,1497551115,0,118,. . . ุฏุฏู ุจฺฏุดุง ููุด ุงูุณุงู ูุงูุฏ ุจุง ุฌุงู ุชู ุณูุฎุช ูุงูู  ููุฑุฏ ูู  ุฎุดฺฉ ุดุฏ ุณุฑู ุณู ุฒ ุขฺฏู ูุงู ุฌูู ูุงูุฏ ู  ุฌูู ูุงูุฏ ุงุฒ ุขฺฏู ุฏุฏู ุจฺฏุดุง ุง ุตูู ุง ุณุงู ูุณุชุงู  ุนู . . . #ููุฉ_ุงููุฏุฑ #ุนู_ูุนูู
40,https://www.instagram.com/p/BUrO-kEF_q0ZXcp0DqFhyjkWOY0kN0UsJkXCog0/?taken-by=shahrzadseries,https://instagram.fevn1-2.fna.fbcdn.net/vp/62910371de61a9fa74a964a4d41dc7c0/5BD7D7B2/t51.2885-15/e15/18646637_367632926965057_4421984708896751616_n.jpg,1496059341,0,119,ูพุงุงู . . . ูุญุธู ููุนูุฏ ูุฑุง ุฑุณุฏ. ูุชุงุณูุงูู ูุญุธู ุง ุฑุณุฏ ฺฉู ูู ูุฑฺฏุฒ ุฏูุณุช ูุฏุงุดุชู ุงุฒ ุฑุงู ุจุฑุณุฏ.  ุฏุฑ ุชููุงุ ูุงููุฏ ุฏูุงูู ูุง ฺฏุฑู ฺฉุฑุฏู. ูู ุชูุงูุฏ 25 ุณุงู ูุงููุฏ ุงู ุฑุง ูุฑุงููุด ฺฉูุฏ. ุงุฒ ููู ุชุดฺฉุฑ ู ฺฉูู. ุญุช ุงฺฏุฑ ุงู ุจุฑุงู ุฑุงุญุช ูุจุงุดุฏ.  ุฎู ุณุฎุช ุงุณุช ฺฉู ุงู ููู ุณุงู ุฑุง ุฏุฑ ฺูุฏ ุนุจุงุฑุช ุจุงู ฺฉูู. ุฏูุณุช ุฏุงุฑู ุขู ุฑุง ุฏุฑ ฺฉ ุชุฑุงูู ุง ุดุนุฑ ุจฺฏูู ุงูุง ูู ุฏุฑ ุงู ฺฉุงุฑูุง ุฎูุจ ูุณุชู. ูู ุชูุงุด ฺฉุฑุฏู ุชุง ุจุง ูพุงูุงู ุฎูุฏู ุฑุง ูุดุงู ุจุฏูู ุฒุฑุง ุงูุทูุฑ ุจุฑุงู ุฎู ุขุณุงู ุชุฑ ุจูุฏ.  ู ุฏุงูุฏ ููุช ุจฺู ุจูุฏูุ ุงุณุจุงุจ ุจุงุฒ ูุญุจูุจู ฺู ุจูุฏุ ููุชุจุงู!  ู ูููุฒ ูู ุจุฑุงู ุจูุชุฑู ุงุณุช. ุงูุง ุฏุฑ ุฒูุงู ูุดุฎุตุ ุดูุง ุจุงุฏ ุจุฒุฑฺฏ ุดูุฏ.  ูุนูุช ุจู ุฒูุงู! ุฏุฑ 17 ฺูุฆู 2001 ูุง ู ุฎูุงุณุชู ุฒูุงู ุฎู ุณุฑุน ุณูพุฑ ุดูุฏ. ูู ุชูุงูุณุชู ุจุดุชุฑ ุงุฒ ุงู ุตุจุฑ ฺฉูู ุชุง ุฏุงูุฑ ุณู ุจุงุฑ ุณูุช ุจุฒูุฏ. ุญุช ุญุงูุง ูู ููุช ุจู ุขู ูฺฉุฑ ู ฺฉููุ ูููุง ุชูู ุณุฎ ู ุดูุฏ.  ุญุงู ุฒูุงู ุงุฒ ุฑุงู ุฑุณุฏู ู ุฑู ุดุงูู ูุง ูู ุฒุฏู  ู ฺฏูุชู ฺฉู ุจุงุฏ ุจุฒุฑฺฏ ุดูู. ุงู ฺฏูุช ฺฉู ุงุฒ ูุฑุฏุงุ ุชู ฺฉ ุขุฏู ุจุฒุฑฺฏ ูุณุช. ูุจุงุณ ูุง ูุฑุฒุด ู ฺฉูุดุช ุฑุง ุฏุฑ ุจุงูุฑ. ุงุฒ ุญุงูุง ฺฉ ูุฑุฏ ูุณุช ู ุฏฺฏุฑ ูู ุชูุงู ฺูู ุฑุง ุจู ุจฺฉุด ู ููุฑ ุฎูุฑุดุฏ ุฑุง ุฑู ุตูุฑุชุช ุงุญุณุงุณ ฺฉู.  ุฏฺฏุฑ ูู ุชูุงูุฏ ุงุฒ ุดุงุฏ ฺฏูุ ูุจุฑุฒ ุฑุถุงุช ุจุดู.  ุฏุฑ ุงู ฺูุฏ ูุงู ุงุฒ ุฎูุฏู ู ูพุฑุณุฏู ฺฉู ฺุฑุง ุจุงุฏ ุงุฒ ุงู ุฑูุง ุจุฏุงุฑ ุดูู. ููุช ุจฺู ูุณุชุฏุ ู ุฏุงูุฏ ฺฉู ููุช ุฑูุง ฺุฒ ุฑุง ุฏุงุฑุฏุ ุชุง ููุช ูุงุฏุฑุชุงู ุดูุง ุฑุง ุจุฑุง ูุฏุฑุณู ุงุฒ ุฎูุงุจ ุจุฏุงุฑ ูฺฉุฑุฏูุ ู ุชูุงูุฏ ุฏุฑ ุขู ุฒูุฏฺฏ ฺฉูุฏ. ุดูุง ุชูุงุด ู ฺฉูุฏ ุชุง ุจุง ุฎูุงุจุฏูุ ุจู ููุงู ุฑูุง ุจุฑฺฏุฑุฏุฏ ุงูุง ูุฑฺฏุฒ ุงู ุงุชูุงู ุฑุฎ ูู ุฏูุฏ.  ุงู ุจุงุฑ ุฏฺฏุฑ ุฑูุง ูุจูุฏ. ูุงูุนุช ุจูุฏ. ู ุฎูุงูู ุงู ุณุฎูุฑุงู ุฑุง ุจู ููู ฺฉูุฏฺฉุงู ฺฉู ูู ุฑุง ุชุดูู ฺฉุฑุฏูุฏุ ุชูุฏู ฺฉููุ ุขููุง ฺฉู ุงุญุชูุงูุง ุจุง ูู ุจุฒุฑฺฏ ุดุฏูุฏ ู ุญุงูุง ูพุฏุฑ ูุณุชูุฏ.  ุฏูุณุช ุฏุงุฑู ุฏูุฑุงู ุญุฑูู ุง ุงู ุฑุง ูุงููุฏ ฺฉ ุฏุงุณุชุงู ุงูุณุงูู ุง ูฺฏุงู ฺฉูู ู ุงู ูุณูุช (ุฎุฏุงุญุงูุธ)ุ ุจุฏุชุฑู ุจุฎุด ุขู ุงุณุช. ุงฺฉููู ุฏฺฏุฑ ูุงูุนุง ุชูุงู ุดุฏู ุงุณุช. ุจุฑุง ุขุฎุฑู ุจุงุฑ ูพุฑุงููู ุฑุง ุงุฒ ุชู ุฎุงุฑุฌ ู ฺฉูู. ุขู ุฑุง ุจู ุฏูุช ุชุง ู ฺฉููุ ุญุช ุงฺฏุฑ ูุฌุจูุฑ ุจุงุดู ุจฺฏูู ฺฉู ุจุฑุง ุฑูุชู ุขูุงุฏู ูุณุชู ู ุดุงุฏ ูฺ ููุช ูู ุขูุงุฏู ูุจุงุดู.  ุงฺฉููู ุงุฒ ุงู ูพูู ูุง ูพุงู ู ุขูุ ูุงุฑุฏ ุฑุฎุชฺฉู ู ุดููุ ุฌุง ฺฉู ููุช ฺฉ ฺฉูุฏฺฉ ุจูุฏูุ ูพุฐุฑุง ูู ุดุฏ ู ุญุงูุง ุจู ุนููุงู ฺฉ ูุฑุฏุ ุขู ุฑุง ุชุฑฺฉ ู ฺฉูู. ุฎูุดุญุงูู ู ุงูุชุฎุงุฑ ู ฺฉูู ฺฉู ุฏุฑ ููู ุงู ุณุงู ุนุงุดู ุฑู ุจูุฏู. ุฏูุณุช ุชุงู ุฏุงุฑู." . .  #francesco_totti#ฺฉุงูพุชุงู#ููุณุชุงูฺ#ูุฑุงูฺุณฺฉู_ุชูุช
39,https://www.instagram.com/p/BUcBY03Bk6u1EzwWZAWtMozo5_6_qgS8T8MXlM0/?taken-by=shahrzadseries,https://instagram.fevn1-2.fna.fbcdn.net/vp/53a0e63c42320381f0371aa08c3c8eff/5C7B2F23/t51.2885-15/e35/18722249_918951954909412_8089495190332506112_n.jpg,1495548899,2,113,: . . . . ุฏุฑ ุดูุฑู ุดูุฑ ูพุฑ ุงุณุช ุงุฒ ุณุฑุจุงุฒูุง ูุณูุญ  ูู ุจู ูุงุตูู  ุฏู ูุชุฑ  ุฏู ุจู ุฏู ู ฺฏุงู ุณู ุจู ุณู  ุฏุฑ ฺฏูุดู ู ููุงุฑูุง ุงูุณุชุงุฏู ุงูุฏ  ุณููุงูุง ุณุฑ ุชุฑุงุดูุฏู  ูู ุนุดู ุจู ููุณูุงูุง ุฑุง  ุจู ฺููู ู ูุจุงุณูุง ุฎุงู ุฎุงู ุจุจุฑ ูุนุงููู ูุฑุฏู ุงูุฏ  ุฏู ุฑูุฒ ุงุฒ ุงุชูุงู ุงูุชุฎุงุจุงุชุ ฺฏุฐุดุชู ุงุณุช  ูุฑุฏู ุจู ุฌุจุฑ ูููุดฺฏ ุชุงุฑูุฎ  ุจู ุถููุฑ ุชุจุฏูู ู ุดููุฏ  ู ุถููุฑูุง  ุจุง ููู  ุฎูุจ ูุง ู ุจุฏ ูุงุดุงู  ุฎูุฏ ุฑุง  ุฏุฑ ูุฒุงุฑุชู ูุตูุญุชุ ูุณุชุชุฑ ู ูููุฏ  ุงุญุณุงุณ ู ููู ุจู ุณุฑุฏุฎุงูู ุง  ุจุฑุง ุดูุงุณุงู ุฌุณุฏ ู ุฑูู  ูุง ุจูุดุชุฑ ุนูุฑูุงู ุฑุง ุชุฑุณูุฏู ุงูู " ูุง ู ุชุฑุณูู ูพุณ ูุณุชูู"  ูุง ุจ ููฺ ุฌุฑู ู ฺฏูุงู ู ุชุฑุณูู  ุฎูุจูู ู ู ุชุฑุณูู  ุฎูุจุชุฑูููู ู ู ุชุฑุณูู  ุฏููุฑุงุณ ูุซู ูพูุชุฒุง  ุจู ูุนุฏู  ูุง ูุงุณุงุฒฺฏุงุฑ ุงุณุช  ููฺ ุญุฑูุช ูุฏุงุฑุฏ ุขุฏู  ุณุจุฏ ุจูุงูุฑ ู ุฎูุฑุดูุฏ ุฑุง ุจู ุฒูุฑ ุณุจุฏ ูพููุงู ูู  ูุฌุง ุดูุฑูุ ูุฌุง ุชุงุฑูุฎุ ูุฌุง ุฒูุงูุ . . . .  #ุญุณู_ูพูุงู ๐ #ูุงูู_ูุงู_ุจู_ุขูุง#ุงูุชุฎุงุจุงุช#ฺฉุงุดุงู
38,https://www.instagram.com/p/BUE8YPNlfTkrBql8WbzrWh-zjreP6WjTYAFV4I0/?taken-by=shahrzadseries,https://instagram.fevn1-2.fna.fbcdn.net/vp/fe180e0b39233cc97e1f6d5ce75a2a24/5C7DAED5/t51.2885-15/e35/18444673_226362444518298_1739854250466344960_n.jpg,1494774521,11,123,. . . .  ุงุฒ ฺฉูุงุฑ ููุจุฑู ุง ูฺฏุฐุดุชู ุ ฺฉู ุฑู ุขู ููุดุชู ุจูุฏ  ุงูุฌุง ุขุฑุงูฺฏุงู ูุฑุฏ ุฑุงุณุชฺฏู ู ุณุงุณุชูุฏุงุฑ ุจุฒุฑฺฏ ุงุณุช  ุงู ุงููู ุจุงุฑ ุจูุฏ ฺฉู ู ุฏุฏู  ุฏู ููุฑ ุฑุง ุฏุฑ ฺฉ ูุจุฑ  ุฏูู ฺฉุฑุฏู ุงูุฏ... . . .  #ููุณุชูู_ฺุฑฺู #ุงุฑุฏ_ุจูุดุช #ุญุงุท_ุช #ุงููู
37,https://www.instagram.com/p/BTqE8_HFZM5U8CxwLzqLlzQHaCv3Y1ucHTabpE0/?taken-by=shahrzadseries,https://instagram.fevn1-2.fna.fbcdn.net/vp/b51933308ef552b578b6548c9a6e2dd0/5C8AAEA7/t51.2885-15/e35/18252562_766681363494129_2477609918295703552_n.jpg,1493873047,5,128,๐ท . . . .  ุจุฑุง ูู ฺฉู ฺูููุ ุชู ุฌุงู ูุชุตู ูุฑุง ุฒ ุฎูุฏ ูฺฉู ุง ุฌุงู ุฌุฏุง ฺฉู ููุฑู... . . . #ุญุณู_ููุฒู #ุงุฑุฏ_ุจูุดุช #ุญุงุท_ุช #ุดุงุฎู
36,https://www.instagram.com/p/BTjZSenls52ON4kQP5Ttl3doz-us2ZSYrnd80k0/?taken-by=shahrzadseries,https://instagram.fevn1-2.fna.fbcdn.net/vp/5b20d49633554c71ec8f19e0f65d9ec5/5C50390C/t51.2885-15/e35/18161170_766456026891148_5663800354219753472_n.jpg,1493648828,0,111,. . . . ุจฺฏุฐุงุฑ ุขูุชุงุจู ูู ูพุฑููู ุจุงุดุฏ ู ุขุณูููููููููุงูู ูู ุขู ฺฉูููโฺฉุฑุจุงุณู ุจโุฑูฺฏ ุขุณูุงู ุงุฒ ููุฑูุฒู ูุดุงุจููุฑ ุจุง ุฑฺฏููโูุง ุณุจูุฒู ุดุงุฎุณููุงุฑุงู ููฺูู ูุฑุงุฏู ูุงฺฺฏููู ุฌูฺฏู ุฏุฑ ุฏุฑูุงฺู ุงโุุขุฒุงุฏ ู ุฑููููุง ููฺูููู ุขููููููู ุงโููููู ฺฉู ุชฺฉุซุฑุชูููููู ูโฺฉูุฏ  #ุดุงููู #ุขุจ_ุณูุฏ #ุงุฑุฏ_ุจูุดุช
35,https://www.instagram.com/p/BTMQYcsFCiqhUVYz1N03oYsRQQ6pu0dq6y-QZ40/?taken-by=shahrzadseries,https://instagram.fevn1-2.fna.fbcdn.net/vp/88689ec82352da3d52a987168f108746/5C889760/t51.2885-15/e35/18013388_1414492475239973_8321030357499510784_n.jpg,1492872406,0,110,. . . โุจุงุฏ ุงูุฑูุฒ ุญูุงุณู ุจุงุดุฏ  ฺฉู ุงฺฏุฑ ูุงุตุฏฺฉ ุฑุง ุฏุฏู ุ ุขุฑุฒููุงู ุฑุง  ุจุฏูู ุชุง ุจุฑุณุงูุฏ ุจู ุฎุฏุง ุ ุจู ุฎุฏุง ฺฉู ุฎูุฏู ูุฏุงูู ุ ูู ุฎุฏุง ฺฉู ุจุฑุงู ุงุฒ ุฎุดู ุ ูู ุฎุฏุง ฺฉู ุจุฑุงู ุงุฒ ููุฑุ  ูู ุฎุฏุง ฺฉู ุจุฑุงู ุฒ ุบุถุจ ุณุงุฎุชู ุงูุฏ . ุจู ุฎุฏุง ฺฉู ุฎูุฏู ูุฏุงูู ุ ุจู ุฎุฏุง ฺฉู ุฏูุด ูพุฑูุงูู ุงุณุช ุ ู ุจู ูุฑุบุงู ููุงุฌุฑ ูุฑ ุณุงู ุฑุงู ุฑุง ูฺฏูุฏุ  ู ุจู ุจุงุฑุงู ฺฏูุชู ุงุณุช ุจุงุบูุง ุชุดูู ุดุฏูุฏ ุ ู ุญูุงุณุด ุญุช  ุจู ุฏู ูุงุฒฺฉ ุดุจ ุจู ูู ูุณุชุ  ฺฉู ูุจุงุฏุง ฺฉู ุชุฑฺฉ ุจุฑุฏุงุฑุฏ ุ  ุจู ุฎุฏุง ฺฉู ุฎูุฏู ูุฏุงูู  ฺู ุฎุฏุง  ุฌุงูู ... . . .  #ุณูุฑุงุจ_ุณูพูุฑ #ุงุฑุฏ_ุจูุดุช
34,https://www.instagram.com/p/BS3jan6l1rI_VjPKGeznMhf-vbyt3TSHruz6JM0/?taken-by=shahrzadseries,https://instagram.fevn1-2.fna.fbcdn.net/vp/93c808deb439aeb501cfb46d29d45a1c/5C888BB9/t51.2885-15/e35/17932209_792177024270681_1172685900425986048_n.jpg,1492177742,2,131,. . . . ุงู ุฎุงูู ุฑุง ุจฺฏุฐุงุฑ ู ุจฺฏุฐุฑ ุจูุง ูู ุจููููุง ุชุง ฺฉุนุจูููู ุฏู ุจุงูุฑ ูฺฉูู ุชููููุงุชููููููู ุฑุง ูู ุจุงุชูุงู ููุฒู ุจูู ููุฒู ______________________________________________ #ุงูุงูุฒุงุฏู_ุขูุง_ูพุฑ_ุนุจุงุฏ #ูุญูุฏ_ุงุตููุงู #ูุฑูุฑุฏู_นถ #ุงููุฑุง_ุงูุงู
33,https://www.instagram.com/p/BSd8FoVFo-d6j1mRGfqz0jALYx3gXm2FqALhUI0/?taken-by=shahrzadseries,https://instagram.fevn1-2.fna.fbcdn.net/vp/3514059080c5c611b4312470fcdafc45/5C6D45B1/t51.2885-15/e35/17494998_287188241716321_1225501920718749696_n.jpg,1491318262,4,111,. . . . ุตุฏ ูุตู ุจููุงุฑ ุขุฏ ู  ุจุฑูู ููููู ฺฏููููููุงู!  ุชุฑุณู ฺฉู ุจุง ุชู ู ุฏุฑ ุฎุงููู ูุจุงุดูููู ... . . . . #ูุฑูุฑุฏู #ุฎููู_ุขูุงุฌ #ูุญุด_ุจุงูู
32,https://www.instagram.com/p/BRw8E7dhD-aCk7KiHi3XgzPSvCLAgNcI3H7NxU0/?taken-by=shahrzadseries,https://instagram.fevn1-2.fna.fbcdn.net/vp/46d8d8941b8d49c09c95267e2db3ec2c/5BD7C904/t51.2885-15/e15/17333465_396317120747155_7728489513927835648_n.jpg,1489808307,0,172,. . #ุฎุงุทุฑู_ุจุงุฒ . . . . __________________________________________________ #ุงุณููุฏ#ุจูุงุฑ#ฑณนต#ุจู_ุนุฏ#ุจู_ุชููพ#ุจู_ฺฉุงุบุฐ_ุฑูฺฏ#ูุงู_ุฏูุฏ#ุณูุฑู_ูู#ุจู_ุงุณ_ุฌุงููุงุฒ_ุชุฑูู_ูุงุฏุฑุจุฒุฑฺฏ#ุดุงุฏ_ุดฺฉุณุชู_ููฺฉ_ูพูู#ุณฺฉู_ุนุฏ#ุงุณฺฉูุงุณ_ุชุง_ูุฎูุฑุฏู#ูุงุดู_ุฒุฏู#ุฎุฒ_ุจููุฏ#ุจุชู_ููุฑ#ุจุฑู_ฺฉูุด_ุฌูุช_ุดุฏู#ุฏููฺฉ#ุฌุฑูู_ุนุฏ_ูุฏุฑุณู#ุจู_ฺฏู_ูุญูุฏ#ุจู_ุจุงุบฺู#ุจู_ุญูุถ#ุนุทุฑ_ุฎูุจ_ูุฐุฑ#ุดุจ_ุฌูุนู#ุฌู_ูุงุฌูุฑุฏ#ุขุจ_ุชู#ุจุง_ุงูุง_ุฒูุณุชููู_ุณุฑ_ูฺฉูู#ุจุง_ุงูุง_ุฎุณุชฺฏูู_ุฏุฑ_ูฺฉูู#ูุถุนุช_ุณูุฏ
31,https://www.instagram.com/p/BRchLjElHbLgQik_yr-12hJGwFR-HsWAE3ya_s0/?taken-by=shahrzadseries,https://instagram.fevn1-2.fna.fbcdn.net/vp/02b86936b1723b94f3a1c031b297cc1c/5C7FF6EA/t51.2885-15/e35/17126459_411704299206893_2548478923084136448_n.jpg,1489123117,1,123,. . . . ุจู ุตุฏ ุฌุงู ูุฎุฑู ฺฏูุฑุฏ  ฺฉู ุฎุฒูุฏ ุงุฒ ุณูุฑู ุฑุงูุช . . . . #ูุญุด_ุจุงูู #ุงุฒูุง_ุงุฑุงฺฉ #ุฒูุณุชูู #ุงุณููุฏ #ุฌุงุฏู #am_iranaks #ir_photographer #iran_aks_mobile
30,https://www.instagram.com/p/BRA4QqgFBPll6nj-1QGxzOhuQXJBJKd7-d-ZJE0/?taken-by=shahrzadseries,https://instagram.fevn1-2.fna.fbcdn.net/vp/02e24435ad1d105042c547eb3408bc7b/5C7318D9/t51.2885-15/e35/16908766_1309836715791641_9018834810772127744_n.jpg,1488195693,3,126,. . . . ูููู ุจูุฑ ุณูููุฑ ุฒุจูุงููุฏ ู ุชูู ุฏุฑ ููุงู ุฌูุงู  #ุณุนุฏ
29,https://www.instagram.com/p/BQcbIbsD-FlDYvRIRq36tvUQY5We5_M-gLCtB40/?taken-by=shahrzadseries,https://instagram.fevn1-2.fna.fbcdn.net/vp/9a44067973c7edcd97a7be54c67e9e44/5C86DBFD/t51.2885-15/e35/16464937_1277167662369459_6417745175421911040_n.jpg,1486972462,2,101,ยฐ ยฐ ยฐ ยฐ ยฐ ยฐ ยฐ ยฐ ยฐ ยฐ ยฐ ยฐ ยฐ ยฐ ยฐ ยฐ ยฐ ยฐ ยฐ ยฐ ยฐ ยฐ ยฐ ยฐ ยฐ ยฐ ยฐ ยฐ ยฐ ยฐ ยฐ ยฐ ยฐ ยฐ ยฐ ยฐ ยฐ ยฐ ยฐ ยฐ ยฐ ยฐ ยฐ ยฐ ยฐ ยฐ ยฐ ยฐ ยฐ ยฐ ยฐ ยฐ ยฐ ยฐ ยฐ ยฐ ยฐ ยฐ ยฐ ยฐ ยฐ ยฐ ยฐ ยฐ ยฐ ยฐ ยฐ ยฐ ยฐ ยฐ ยฐ ยฐ ยฐ ยฐ ยฐ ยฐ ยฐ ยฐ ยฐ ยฐ ยฐ ยฐ ยฐ ยฐ ยฐ ยฐ ยฐ ยฐ ยฐ ยฐ ยฐ ยฐ ยฐ ยฐ ยฐ ยฐ ยฐ ยฐ ยฐ ยฐ ยฐ ยฐ ยฐ ยฐ ยฐ ยฐ ยฐ ยฐ ยฐ ยฐ ยฐ ยฐ ยฐ ยฐ ยฐ ยฐ ยฐ ยฐ ยฐ ยฐ ยฐ ยฐ ยฐ ยฐ ยฐ ยฐ ยฐ ยฐ ยฐ ยฐ ยฐ ยฐ ยฐ ยฐ ยฐ ยฐ ยฐ ยฐ ยฐ ยฐ ยฐ ยฐ ยฐ ยฐ ยฐ ยฐ ยฐ ยฐ ยฐ ยฐ ยฐ ยฐ ยฐ ยฐ ยฐ ยฐ ยฐ ยฐ ยฐ ยฐ ยฐ ยฐ ยฐ ยฐ ยฐ ยฐ ยฐ ยฐ ยฐ ยฐ ยฐ ยฐ ยฐ ยฐ ยฐ ยฐ ยฐ ยฐ ยฐ ยฐ ยฐ ยฐ ยฐ ยฐ ยฐ ยฐ ยฐ ยฐ ยฐ ยฐ ยฐ ยฐ ยฐ ยฐ ยฐ ยฐ ยฐ ยฐ ยฐ ยฐ ยฐ ยฐ ยฐ ยฐ ยฐ ยฐ ยฐ ยฐ ยฐ ยฐ ยฐ ยฐ ยฐ ยฐ ยฐ ยฐ ยฐ ยฐ ยฐ ยฐ ยฐ ยฐ ยฐ ยฐ ยฐ ยฐ ยฐ ยฐ ยฐ ยฐ ยฐ ยฐ ยฐ ยฐ ยฐ ยฐ ยฐ ยฐ ยฐ ยฐ ยฐ ยฐ ยฐ ยฐ ยฐ ยฐ ยฐ ยฐ ยฐ ยฐ ยฐ ยฐ ยฐ ยฐ ยฐ ยฐ ยฐ ยฐ ยฐ ยฐ ยฐ ยฐ ยฐ ยฐ ยฐ ยฐ ยฐ ยฐ ยฐ ยฐ ยฐ ยฐ ยฐ ยฐ ยฐ ยฐ ยฐ ยฐ ยฐ ยฐ ยฐ ยฐ ยฐ ยฐ ยฐ ยฐ ยฐ ยฐ ยฐ ยฐ ยฐ ยฐ ยฐ ยฐ ยฐ ยฐ ยฐ ยฐ ยฐ ยฐ
28,https://www.instagram.com/p/BQP3rfKDd6SFcRKpdrzFzSKNS0IILK_NT-W-200/?taken-by=shahrzadseries,https://instagram.fevn1-2.fna.fbcdn.net/vp/87b40a3ae950dbed2f784bcba8f1e6f2/5C508D7E/t51.2885-15/e35/16584970_1894621594152857_2296503942130958336_n.jpg,1486551222,2,101,...ุฒูุณุชุงู ุงุณุช
27,https://www.instagram.com/p/BPxjxXrj3c75pH-j0W5PwOltfwAZ9pZrLHnG7k0/?taken-by=shahrzadseries,https://instagram.fevn1-2.fna.fbcdn.net/vp/855711cc5f6ee444d97e721d03573f54/5C8965EE/t51.2885-15/e35/16228698_1197504593678515_8100313633130545152_n.jpg,1485534151,1,136,. . . . ุณุฑุฒูู ูู ููู ูุงู ุณุช ุฒุฑ ูพุงู ูุง ูุจู ฺฉู ุจู ฺฏู ูุงุด ุงุฒ ูพูุณุช ูพุงูุง ุดูุง ุฑุงู ู ุฑูุฏ ุชุง ุฏู ุชุงู ุขูู  ูู ุงู ุขูุจูู ูููุง ุณุช ฺฏุดูุฏู ุฑู ูุฒ ุจุง ฺฏุฑู ูุง ูููุง ูุจุฎูุฏ ู ฺุดู ูุง ูููุง ุขุณูุงู ูู ฺฏฺ ุจุฑ ูุง ู ุณูู ูุณุฌุฏูุงุณุช ู ุจูุฏุ ฺฉู ูู ฺฺฏููู ุงูุ ููุณู ูู ุตุฏุง ุดูุงุณุช ฺฉู ุงุฒ ฺฉูฺู ู ฺฏุฐุฑุฏุ  #ุจฺู_ูุฌุฏ
26,https://www.instagram.com/p/BPemIEmgMExnUOr3PWx9tsNDAH7WCQWUwr5BaA0/?taken-by=shahrzadseries,https://instagram.fevn1-2.fna.fbcdn.net/vp/0a9b8a2b70188bee435c7bd43ac2fc42/5C6D191C/t51.2885-15/e35/16123379_415173415491448_262993650831589376_n.jpg,1484897851,1,145,. ุฎุงููโุงู ุขุชุด ฺฏุฑูุชูโ ุงุณุชุ ุขุชุด ุฌุงูุณูุฒ ูุฑ ุทุฑู ูโุณูุฒุฏ ุงู ุขุชุด  ูพุฑุฏูโูุง ู ูุฑุดโูุง ุฑุง ุ ุชุงุฑุดุงู ุจุง ูพูุฏ  ูู ุจู ูุฑ ุณู ูโุฏูู ฺฏุฑุงู  ุฏุฑ ููุจ ุขุชุด ูพุฑ ุฏูุฏ  ูุฒ ูุงู ุฎูุฏูโูุงโุงู ุชูุฎ  ู ุฎุฑูุด ฺฏุฑูโุงู ูุงุดุงุฏ  ุงุฒ ุฏุฑูู ุฎุณุชูโ ุณูุฒุงู  ูโฺฉูู ูุฑุงุฏุ ุง ูุฑุงุฏ! ุง ูุฑุงุฏ!  ุฎุงููโุงู ุขุชุด ฺฏุฑูุชูโุณุชุ ุขุชุด ุจโุฑุญู  ููโฺูุงู ูโุณูุฒุฏ ุงู ุขุชุด  ููุดโูุง ุฑุง ฺฉู ูู ุจุณุชู ุจู ุฎูู ุฏู  ุจุฑ ุณุฑ ู ฺุดู ุฏุฑ ู ุฏูุงุฑ  ุฏุฑ ุดุจ ุฑุณูุง ุจโุณุงุญู  ูุง ุจุฑ ููุ ุณูุฒุฏ ู ุณูุฒุฏ  ุบูฺูโูุง ุฑุง ฺฉู ูพุฑูุฑุฏู ุจู ุฏุดูุงุฑ  ุฏุฑ ุฏูุงู ฺฏูุฏ ฺฏูุฏุงูโูุง  ุฑูุฒูุง ุณุฎุช ุจูุงุฑ  ุงุฒ ูุฑุงุฒ ุจุงูโูุงุดุงู ุ ุดุงุฏ  ุฏุดููุงูโุงู ููุฐุงูู ุฎูุฏูโูุง ูุชุญโุดุงู ุจุฑ ูุจ  ุจุฑ ููู ุขุชุด ุจู ุฌุงู ูุงุธุฑ ุฏุฑ ูพูุงู ุงู ููุดูุจูฺฉ ุดุจ  ูู ุจู ูุฑ ุณู ูโุฏูู ฺฏุฑุงู ุงุฒู ุจุฏุงุฏ ูโฺฉูู ูุฑุงุฏโุ ุง ูุฑุงุฏ! ุง ูุฑุงุฏ!  ูุง ุจุฑ ููุ ููฺูุงู ูโุณูุฒุฏ ุงู ุขุชุด  ุขูโฺู ุฏุงุฑู ุงุฏฺฏุงุฑ ู ุฏูุชุฑ ู ุฏูุงู  ู ุขูโฺู ุฏุงุฑุฏ ููุธุฑ ู ุงูุงู  ูู ุจู ุฏุณุชุงู ูพุฑ ุงุฒ ุชุงูู  ุงู ุทุฑู ุฑุง ูโฺฉูู ุฎุงููุด ูุฒ ููุจ ุขู ุฑูู ุงุฒ ููุด ุฒุงู ุฏฺฏุฑ ุณู ุดุนูู ุจุฑุฎุฒุฏุ ุจู ฺฏุฑุฏุด ุฏูุฏ  ุชุง ุณุญุฑฺฏุงูุงูุ ฺฉู ูโุฏุงูุฏ ฺฉู ุจูุฏ ูู ุดูุฏ ูุงุจูุฏ  ุฎูุชูโุงูุฏ ุงู ููุฑุจุงู ููุณุงฺฏุงูโุงู ุดุงุฏ ุฏุฑ ุจุณุชุฑ  ุตุจุญ ุงุฒ ูู ูุงูุฏู ุจุฑ ุฌุง ููุดุช ุฎุงฺฉุณุชุฑ  ูุงุ ุขุง ูฺ ุณุฑ ุจุฑ ูโฺฉูููุฏ ุงุฒ ุฎูุงุจุ ููุฑุจุงู ููุณุงฺฏุงูโุงู ุงุฒ ูพ ุงูุฏุงุฏุ ุณูุฒุฏู ุงู ุขุชุด ุจุฏุงุฏฺฏุฑ ุจูุงุฏ ูโฺฉูู ูุฑุงุฏุ ุง ูุฑุงุฏ! ุง ูุฑุงุฏ!  #ููุฏ_ุงุฎูุงู_ุซุงูุซ #ฺฏู_ู_ุจูุจู #ูพูุงุณฺฉู #ูููฺฉุช #ุงุฑุงู
25,https://www.instagram.com/p/BPXI_E5D0OK0y3TTttAItvnzkuonVIcMXkrY6g0/?taken-by=shahrzadseries,https://instagram.fevn1-2.fna.fbcdn.net/vp/e6a84ad02b0394bccbffcf6c929b5895/5C658944/t51.2885-15/e35/16123115_361676760877072_4781428413070049280_n.jpg,1484647692,2,111,. ฺฉู ูพุฑุดุงู ุงู ุณูุณูู ุฑุง ุขุฎุฑ ูุณุช . . . . .
24,https://www.instagram.com/p/BORj13djsgD2l8xl8OGZWYsN-YWJL5qPsrmlXg0/?taken-by=shahrzadseries,https://instagram.fevn1-2.fna.fbcdn.net/vp/555138a6dfa2a7166d0014161b2036ea/5C6D90AE/t51.2885-15/e35/15624959_1027238380738185_6611154579327287296_n.jpg,1482312962,9,174,. โฅ๏ธ โฃ๏ธ โฆ๏ธ โ๏ธ ุฏุฑ ุงู ุจุงุฒ ฺูุงุฑ ููุฑู  ฺู ฺฉุณ ุชููุจ ฺฉุฑุฏ  ฺฉู ุจุฑฺฏ ุจู ุฒูุณุชุงู ูุฑุณุฏุ โฅ๏ธ โฃ๏ธ โฆ๏ธ โ๏ธ #ุฑูุฒ_ุณุฑุฏ#ุฒูุณุชุงู
23,https://www.instagram.com/p/BNzJpVVDWXPBM-3uTP-7uskUImioiRiiK1oQII0/?taken-by=shahrzadseries,https://instagram.fevn1-2.fna.fbcdn.net/vp/132f48a126e1f00f32176b760d35cc61/5C7A807A/t51.2885-15/e35/15306534_712890192194070_7739982919426375680_n.jpg,1481292595,3,143,: : : : ูุงุฑุง ฺฉู ุชู โููุธูุฑ ุฎุงุทุฑ ูุฑูุฏ ุฌุง : : : : โ #ุงูุงู_ุฒูุงู #ุณุนุฏ #ุฌูุนู
22,https://www.instagram.com/p/BNRTU2nD2K_VvW9iNA4rWAIsPXsNbHuOPs2a9Q0/?taken-by=shahrzadseries,https://instagram.fevn1-2.fna.fbcdn.net/vp/658273543ae4f93c72384d4a69d0b460/5C6CA306/t51.2885-15/e35/15251700_904893602944628_4806826470246711296_n.jpg,1480156820,2,112,. . . .  ุชู ุขุฑุฒู ุจููุฏ ู  ุฏุณุช ูู ููุชุงู . ูุฏุงู ูพุด ูฺฏุงู ูุฏุงู ูพุด ูฺฏุงู . . . .  #ูุฑุฏูู_ูุดุฑ
21,https://www.instagram.com/p/BNJeLPVj1DSvsGdLML_UXm9vJ06u7QVHkcG0A40/?taken-by=shahrzadseries,https://instagram.fevn1-2.fna.fbcdn.net/vp/bc93bfb906da147b6449064cf081d963/5C64F2F2/t51.2885-15/e35/15034834_242113989540445_6476485214041276416_n.jpg,1479894073,1,127,. . . . . ุจุงุบ ูููุฏุงู ุ ฺุดู ุฏุฑ ุฑุงู ุจูุงุฑ ูุณุช . . . . . #ุงุฎูุงู_ุซุงูุซ #ุญุงุท_ุช #ุฎุฒุงู
20,https://www.instagram.com/p/BMoah1pjrzL9dT7MPrv2aRr_hyHD4aNDbbKhYA0/?taken-by=shahrzadseries,https://instagram.fevn1-2.fna.fbcdn.net/vp/a6c9152ccf7e8f8ad216c07898ff0079/5C7091A8/t51.2885-15/e35/14624476_396110154053432_8991121040373448704_n.jpg,1478784864,6,153,. . . . . ุขู ุงุฎุจุงุฑ ุฑุง ุฎุงููุด ฺฉู ุนุฒุฒู ุงู ูุง ุจุงุฒู ุณุงุณุช ุงุณุช ุชุฑุงููพ ุง ฺฉููุชูู ุจู ูุง ฺู ุฑุจุท ุฏุงุฑุฏุ ุงุฎุจุงุฑ ุฑุง ุฎุงููุด ฺฉู ุตุฏุง ุขู ููุณู ุฑุง ุจุงูุง ุจุจุฑ ุฏู ูููู ุจุฑุฒ ฺฉูุงุฑู ุจูุดู ู ฺฏุณูุช ุฑุง ูพุฎุด ฺฉู ุฑู ุดุงูู ุงุช ุณุฑุช ุฑุง ุจฺฏุฐุงุฑ ุฑู ุณูู ุงู... . ุญู ุงุณุช ุงู ุขุฑุงูุด ุฏูููุฑู ุฑุง ุจุฑ ูู ุจุฒูู... .  ุฏูุงู ูู ุงูุฏฺฉ ูุฑู ุฏุงุฑุฏ ุฏูุง ูู ุฏุณุช ูฺ ฺฉุฏุงู ุงุฒ ุงู ุณุงุณุชูุฏุงุฑุงู ูุณุช ุฏูุง ูู... . ุฏุณุชู ฺุดูุงูู ุชูุณุช ุฏุณุช ฺุดูุงูู ูุชุนุฌุจ ุงุช ูุจู ุงุฒ ุจูุณู...! ุณุงุณุช ุจุงุฒ ุฑุง ุจฺฏุฐุงุฑ ุจุฑุง ูุฑุฏู ฺฉู ุฏูุณุช ุฏุงุฑูุฏ ุจุงุฒฺฏุฑ ุงู ุณุฑุงูู ุณุฑุงุณุฑ ุฏุฑูุบ ุจุงุดูุฏ... . ุชู ุดุฎุตุชู ุงุตูู ุฒูุฏฺฏ ูุงูู  ูู ุจุงุด ุขู ุงุฎุจุงุฑ ุฑุง ุฎุงููุด ฺฉู ูุฑุตุช ุฒุณุชู ฺฉู ุงุณุช ุฒุณุชู ุฏุฑ ุนุทุฑู ุขุบูุดู ูู ููุฑ ุฑุง ฺฉู ฺฉู ููุณู ุฑุง ุฒุงุฏ ุงุฒ ูุจ ูุงุช ุจูุณู ู ุจุงุฑุฏ ฺฏูู ุณูุฑูุช ฺุดูฺฉ ูุฒูุฏ ูููุงุช ุจุงูุชู ูุฎูุงูุฏ... . . . . . .  #ุนู_ุณูุทุงู  #ุบุฑูุจ #ูพุงุฒ #ุขุจุงู #ุงุฒูุง
19,https://www.instagram.com/p/BLn0QgajpmUuCZJheg3avDW4bpE9SaIqyMlp5k0/?taken-by=shahrzadseries,https://instagram.fevn1-2.fna.fbcdn.net/vp/b2de5ed813e00cac114133c43ab749fc/5C6C071B/t51.2885-15/e35/14726464_1301743983189211_3208416767126798336_n.jpg,1476617316,4,130,. ุจฺู ูุง ุณูุงูุ ุฏูู ุจุฑุงู ููู ุดูุง ุชูฺฏ ุดุฏู ุ ฺฉุงุด ูู ุดุฏ ูุงููุฏ ฺฏุฐุดุชูุ ุฎุณุชู ุงุฒ ุจุงุฒุฏูุฏุ ฺฉู ุขู ุฑุง ฺฏุฑุฏุด ุนููู ูู ูุงููุฏูู ุ ู ุฎุณุชู ุงุฒ ููู ููุงูููุง ุ ฺฏุฑุฏ ู ุบุจุงุฑ ุฎุณุชฺฏููุงููุงู ุฑุง ููุฑุงู ุฒูุงูู ฺุดูู ุฑูุณุชุง ุจู ุฏุณุช ูุฑุงููุดู ูู ุณูพุฑุฏูู ุ ฺฉุงุด ูู ุดุฏ ูุซู ฺฏุฐุดุชู ฺฏูุดูุงู ุฑุง ุจู ยซุตุฏุงู ูพุงู ุขุจ ยป ู ุชููุงู ุฑุง ุจู ููุงุฒุด ฺฏู ู ฺฏูุงู ููุณูพุฑุฏูู ู ฺฉุชุงุจ ุฑูุงุถู ุฑุง ุจุง ููู ูุฌูููุงุชุ ุฒูุฑ ุณูฺฏู ูู ฺฏุฐุงุดุชูู ุฺูู ููุชู ุจุงุจุง ูุงูู ุจุฑุงู ุชูุฏูู ฺฉุฑุฏู ุฏุฑ ุณูุฑู ูุฏุงุฑุฏ ฺู ูุฑูู ูู ฺฉูุฏ ุ ูพู ุณู ูููุฒ ฺูุงุฑุฏู ุจุงุดุฏ ุง ุตุฏ ูููุฒ ฺูุงุฑุฏู ุุฏุฑุณ ุนููู ุฑุง ุจุง ููู ุชุบููุฑุงุช ุดูููุงูู ู ููุฒูฺฉู ุฏููุง ุ ุจู ฺฉูุงุฑู ูู ฺฏุฐุงุดุชูู ู ุจู ุงููุฏ ุชุบููุฑู ุงุฒ ุฌูุณ ยซุนุดู ู ูุนุฌุฒูยป ูฺฉู ูุงู ุงุจุฑ ุฑุง ุฏุฑ ุขุณูุงู ููุฑุงู ุจุง ูุณูู ุจุฏุฑูู ูู ฺฉุฑุฏูู ู ููุชุธุฑ ุชุบููุฑู ูู ูุงููุฏู ฺฉู "ฺฉูุฑุด" ููุงู ููฺฉูุงุณู ูพุฑุดูุฑุชุงู ุฑุง ุงุฒ ุณุฑ ฺฉูุงุณ ุฑุงูู ฺฉุงุฑฺฏุฑู ูฺฉูุฏ ู ุฏุฑ ููุฌูุงูู ุงุฒ ุจููุฏุงู ุณุงุฎุชูุงู ุจู ุฏูุจุงู ูุงู ุจุฑุงู ูููุดู ุณููุท ูููุงูุฏ ู ุชุฑฺฉูุงู ูฺฉูุฏ ุ ููุชุธุฑ ุชุบููุฑู ฺฉู ุจุฑุงู ุนูุฏ ููุฑูุฒ ูฺฉ ุฌูุช ฺฉูุด ูู ู ูฺฉ ุฏุณุช ูุจุงุณ ุฎูุจ ู ูฺฉ ุณูุฑู ูพุฑ ุงุฒ ููู ู ุดูุฑููู ุจุฑุงู ููู ุจู ููุฑุงู ุฏุงุดุชู ุจุงุดุฏ. ฺฉุงุด ูู ุดุฏ ุจุงุฒ ุฏุฑ ุจูู ูพุณุฑุงู ฺฉูุงุณ ุงููู ููุงู ุฏุฑูุงุฒู ุจุงู ูู ุดุฏู ู ุดูุง ุฏุฑ ุฑููุงู "ุฑููุงูุฏู ุดุฏู" ุจู ุขูุง ูุนููุชุงู ฺฏู ูู ุฒุฏูุฏุุงูุง ุงูุณูุณ ููู ุฏุงููุฏ ฺฉู ุฏุฑ ุณุฑุฒููู ูุง ุฑููุงูุง ู ุขุฑุฒููุง ูุจู ุงุฒ ูุงุจ ุนฺฉุณูุงู ุบุจุงุฑ ูุฑุงููุดู ุจู ุฎูุฏ ูู ฺฏูุฑุฏ ุ ฺฉุงุด ูู ุดุฏ ุจุงุฒ ูพุงู ุซุงุจุช ุญููู "ุนูู ุฒูุฌูุฑุจุงู" ุฏุฎุชุฑุงู ฺฉูุงุณ ุงูู ูู ุดุฏู ุ ููุงู ุฏุฎุชุฑุงูู ฺฉู ูู ุฏุงูู ุณุงููุง ุจุนุฏุ ุฏุฑ ฺฏูุดู ุฏูุชุฑ ุฎุงุทุฑุงุชุชุงู ุฏุฒุฏฺฉู ูููููุณูุฏ: ฺฉุงุด ุฏุฎุชุฑ ุจู ุฏููุง ููู ุขูุฏูุฏ. ุฑุงุณุชู ฺู ฺฉุณู ูู ุฏุงูุฏ ุงฺฏุฑ ุดูุง ูุฑุดุชฺฏุงูุ ุฒุงุฏู ุฑูุฌ ู ููุฑ ูุจูุฏูุฏ ุ ฺฉุงุบุฐ ุจู ุฏุณุช ุจุฑุงู ฺฉููพูู ุฒูุงู ุงูุถุงุก ุฌูุน ููู ฺฉุฑุฏูุฏ ู ูุง ุงฺฏุฑ ุฏุฑ ุงูู ฺฏูุดู ุงุฒ ยซ ุฎุงฺฉ ูุฑุงููุด ุดุฏู ุฎุฏุง ยป ุจู ุฏููุง ููู ุขูุฏูุฏ ุ ูุฌุจูุฑ ูุจูุฏูุฏ ุฏุฑ ุณู ุณูุฒุฏู ุณุงูฺฏู ุจุง ฺุดูุงูู ูพุฑ ุงุฒ ุงุดฺฉ ู ุญุณุฑุช ยซุฒูุฑ ุชูุฑ ุณููุฏ ุฒู ุดุฏูยป ุจุฑุงู ุขุฎุฑูู ุจุงุฑ ุจุง ูุฏุฑุณู ูุฏุงุน ฺฉููุฏ ู ยซูุตู ุชูุฎ ุฌูุณ ุฏูู ุจูุฏูยป ุฑุง ุจุง ุชูุงู ูุฌูุฏ ุชุฌุฑุจู ฺฉููุฏ. ูพุณุฑุงู ุทุจูุนุช ุขูุชุงุจุ ููุฏุงูู ุฏูฺฏุฑ ููู ุชูุงููุฏ ุจุง ููฺฉูุงุณููุงูุชุงู ุจูุดูููุฏ ุ ุจุฎูุงููุฏ ู ุจุฎูุฏูุฏุ ฺูู ุจุนุฏ ุงุฒ ยซูุตูุจุช ูุฑุฏ ุดุฏูยป ุชุงุฒู ยซุบู ูุงูยป ฺฏุฑูุจุงู ุดูุง ุฑุง ฺฏุฑูุชู ุ ุงูุง ูุงุฏุชุงู ุจุงุดุฏ ฺฉู ุจู ุดุนุฑ ุ ุจู ุขูุงุฒ ุ ุจู ูููุงูุงูุชุงู ุ ุจู ุฑููุงูุงูุชุงู ูพุดุช ูฺฉููุฏ ุ ุจู ูุฑุฒูุฏุงูุชุงู ูุงุฏ ุจุฏููุฏ ุจุฑุงู ุณุฑุฒูููุดุงูุ ุจุฑุงู ุงูุฑูุฒ ู ูุฑุฏุงูุง ูุฑุฒูุฏู ุงุฒ ุฌูุณ ยซุดุนุฑ ู ุจุงุฑุงูยป ุจุงุดูุฏ. ุจู ุฏุณุช ุจุงุฏ ู ุขูุชุงุจ ูู ุณูพุงุฑูุชุงู ุชุง ูุฑุฏุงูู ูู ฺูุฏุงู ุฏูุฑ , ุฏุฑุณ ุนุดู ู ุตุฏุงูุช ุฑุง ุจุฑุงู ุณุฑุฒููููุงู ูุชุฑูู ุดููุฏ. . . #ูุนูู #ุฒูฺฏ_ุชูุฑุญ #ูุฑุฒุงุฏ_ฺฉูุงูฺฏุฑ #ุฑูุณุชุง_ุฏุฑุจูุฏ #ุฏุฑ_ููุฏูู_ุณุงุฎุช_ูุทู
18,https://www.instagram.com/p/BLdWmnKjT1OefQ0_-VEW4fLwBUQtABRlZNoOx00/?taken-by=shahrzadseries,https://instagram.fevn1-2.fna.fbcdn.net/vp/b0a22af4968ed62d796c1a5ead536370/5C891C66/t51.2885-15/e35/14533768_1092113697562198_2901467102432985088_n.jpg,1476266224,0,107,. . . . . ุณู ู ุฒุฑ ูุง ุ ุดฺฉุฑ ฺฉู ุงูุฏูุฎุชู  ูุณุช . . . . โ. #ุงูุณูุงู_ุนูฺฉ_ุง_ุงุจุงุนุจุฏุงููู
17,https://www.instagram.com/p/BLEJFzBDxoJj8AqFbLe-nOcGVpKUUOnIBL5Gkk0/?taken-by=shahrzadseries,https://instagram.fevn1-2.fna.fbcdn.net/vp/d2a2364906b02f2ec3b2691eccc54cb4/5C73B6F7/t51.2885-15/e35/14449274_1793032660940826_7599586679107616768_n.jpg,1475420279,2,110,. ๐ . . . .  ุขุดฺฉุงุฑุง ููุงู ฺฉูู ุชุง ฺูุฏุ ุฏูุณุช ูโุฏุงุฑูุช ุจู ุจุงูฺฏ ุจููุฏ . . . . ๐ #ุชููุฏุช_ูุจุงุฑฺฉ #ุญุงุท_ุช #ุจุงุบฺู #ฑฑููุฑ #ุฑุฒ
16,https://www.instagram.com/p/BKloweVjgWhqjuTyWnpfh4zdH63UM5duIlhntc0/?taken-by=shahrzadseries,https://instagram.fevn1-2.fna.fbcdn.net/vp/b0d497952d698ed3b1cafdf9ecc556c1/5C8AAFBC/t51.2885-15/e35/14350469_1072480179545273_1450860073_n.jpg,1474396694,2,83,. . . . . โ. ุงู ุดุฑุญู ุจ ููุงุช ฺฉุฒยุญุณู ุงุฑ ฺฏูุชูุฏ ุ  ุญุฑู ุงุณุช ุงุฒ ูุฒุงุฑุงู ุ ฺฉุงูุฏุฑ ุนุจุงุฑุช ุขูุฏย...
15,https://www.instagram.com/p/BJ-h8vvDOWMXQOTUtN2aX_BMkssjtK-k8JnKDw0/?taken-by=shahrzadseries,https://instagram.fevn1-2.fna.fbcdn.net/vp/281b93c55907da9107650241ed0915f3/5C7E4C53/t51.2885-15/e35/14032918_1122730121126770_746027178_n.jpg,1473084501,0,98,. . . #ูุชูู#ุงูุงูุฒุงุฏู#ุทุงุฒุฑุงู#ุดูุฑูุฑ
14,https://www.instagram.com/p/BJvIs5bDSM_rEozlFz3yw8kB0u6iJrO6zf2OYI0/?taken-by=shahrzadseries,https://instagram.fevn1-2.fna.fbcdn.net/vp/5a6b53d712bcf83901ee55f785cdae24/5C6CDBD0/t51.2885-15/e35/14063123_1586495751651454_2107845292_n.jpg,1472567948,0,92,. . . .  ุจฺฏุฐุงุฑ ุฒุงูุฏุงู ุณู ุฏุงูู ุ  ุฑุณูุง ฺฉู ู ุงูุฌููู ุฎูุงููุฏ . . . #ูุฑูุบ#ููู_ุชุฑุด
13,https://www.instagram.com/p/BJpBMfSDxt-gNxFlQIcphL4qgtBBdJJAXwYyY40/?taken-by=shahrzadseries,https://instagram.fevn1-2.fna.fbcdn.net/vp/1eb8874c89b0913f5d13dbb0bfa0ee4d/5C8575B8/t51.2885-15/e35/14073017_650088915160400_687402337_n.jpg,1472362686,8,100,ฺฉู ุณุฑุฏ ุจูุฏ ูู ฺุณุจุฏ . . . โ. . #ุดูุฑูุฑ#ุฏุดุจ#ุญุงุท_ุช#summertime
12,https://www.instagram.com/p/BJcKyXbjS9KicVYpWZ7gIw_LK8T0oZJ07QINDU0/?taken-by=shahrzadseries,https://instagram.fevn1-2.fna.fbcdn.net/vp/7181c939323dc874fc0926bb9b307ef6/5C701B80/t51.2885-15/e35/13702994_138219226624667_758532200_n.jpg,1471931507,0,120,. . . . . ุงุฒ ููู ฺฉุณ ุฑูุฏู ุงู ุจุงุชู ุฏุฑุขุฑูุฏู ุงู ุฌูุน ูู ุดูุฏ ุฏฺฏุฑ ูุฑฺู ุชู ู ูพุฑุงฺฉู  #ุณุนุฏ #ฺฉุงุด
11,https://www.instagram.com/p/BJNM1GejH__OhdMxPzYFzMdg23espsND4Pmsb00/?taken-by=shahrzadseries,https://instagram.fevn1-2.fna.fbcdn.net/vp/e7e77dc626804ff7b9158fec801e8a6d/5BD7F054/t51.2885-15/e15/14033570_171557753254551_2139551195_n.jpg,1471429262,3,98,ุฎูุด ุจุญุงูุดูู . . . . . .  #ุจฺฺฏุง
10,https://www.instagram.com/p/BJH8E9njBuGQkJLxiIRWTLlvmVFaADxBfoYSQk0/?taken-by=shahrzadseries,https://instagram.fevn1-2.fna.fbcdn.net/vp/62092276ca89a79a8f11825771ec5ec0/5C6DC798/t51.2885-15/e35/13643612_276979552682035_2098476363_n.jpg,1471252706,4,145,#ุชุงุจุณุชูู#ุญูุถ#ูพุฏุฑ#ุญุงุท/ุช#summertime
9,https://www.instagram.com/p/BHWcgtIDkmBuee14lGo5hxYr3RCdZrSljoeGj40/?taken-by=shahrzadseries,https://instagram.fevn1-2.fna.fbcdn.net/vp/4a8e557d41056b90c34cd08d14870a0f/5BD7CD69/t51.2885-15/e15/13561665_1615563095422348_1913293888_n.jpg,1467444506,2,120,. ูุฑ ุฒูุงู ูู ุงุฒ ุฌูุฑ ู ุฑูุฒฺฏุงุฑ ู ุฑุณูุงูู ู ููุงู ู ูุฑุฏูุงู ุฏุฑ ฺฏูุดู ู ุชููุงูู ุจุฑ ุจูููุงูู ู ุฎูุฏ ุงุดู ูู ุฑูุฒูุ ู ฺฏูุด ู ูุงุดููุงู ุขุณูุงู ุฑุง ุจุง ูุฑูุงุฏูุงู ุจู ุญุงุตู ู ุฎููุด ูู ุขุฒุงุฑูุ  ู ุจุฑ ุฎูุฏ ูู ูฺฏุฑู ู ุจุฑ ุจุฎุช ู ุจุฏ ู ุฎููุด ููุฑูู ูู ูุฑุณุชูุ ู ุขุฑุฒู ูู ููู ูู ุงู ูุงุด ฺูู ุขู ุฏูฺฏุฑู ุจูุฏูุ ูู ุฏูุด ุงุฒ ูู ุงููุฏูุงุฑุชุฑ ู ูุงูุชุด ููุฒูู ุชุฑ ู ุฏูุณุชุงูุด ุจูุดุชุฑ ุงุณุช.  ู ุงู ูุงุด ููุฑ ู ุงูู ูู ู ุดููู ู ุดููุช ู ุขู ุฏูฺฏุฑู  ุงุฒ ุขู ู ูู ุจูุฏุ  ู ุฏุฑ ุงูู ุงูุตุงู ฺูุงู ุฎูุฏ ุฑุง ูุญุฑูู ูู ุจููู ูู ุญุชู ุงุฒ ุขูฺู ุจูุดุชุฑูู ูุตูุจ ุฑุง ุจุฑุฏู ุงู ููุชุฑูู ุฎุฑุณูุฏู ุงุญุณุงุณ ููู ููู.  ุงูุง ุฏุฑ ูููู ุญุงู ูู ุฎูุฏ ุฑุง ฺููู ุฎูุงุฑ ู ุญููุฑ ูู ุจููู  ุงุฒ ุจุฎุช ู ูููุ ุญุงูู ุจู ูุงุฏ ู ุชู ูู ุงูุชูุ  ู ุขูฺฏุงู ุฑูุญ ู ูู ููฺูู ฺูุงูู ู ุณุญุฑ ุฎูุฒ ุจุงูุฏุงุฏุงู  ุงุฒ ุฎุงู ู ุชูุฑู ุงูุฌ ฺฏุฑูุชู ู ุจุฑ ุฏุฑูุงุฒู ู ุจูุดุช ุณุฑูุฏ ูู ุฎูุงูุฏ  ู ุจุง ูุงุฏ ู ุนุดู ู ุชู ฺูุงู ุฏููุชู ุจู ูู ุฏุณุช ูู ุฏูุฏ ูู ุดุฃู ู ุณูุทุงูู ุจู ฺุดูู ุฎูุงุฑ ูู ุขูุฏ ู ุงุฒ ุณูุฏุงู ููุงู ู ุฎูุฏ ุจุง ูพุงุฏุดุงูุงูุ ุนุงุฑ ุฏุงุฑู.  #ููููุงู_ุดูุณูพูุฑ
8,https://www.instagram.com/p/BGtrItVh1K0sqdOrAyMs5reo9mO1VS9uIsLKRg0/?taken-by=shahrzadseries,https://instagram.fevn1-2.fna.fbcdn.net/vp/70dbd23f96c2de86e7b4881cc9bc8db0/5C8503D5/t51.2885-15/e35/13402751_1734321180176746_637974310_n.jpg,1466076442,3,189,. . . ูุฑ ฺฉุณ ูุญุฑุงุจ ฺฉุฑุฏุณุช ุขูุชุงุจ ู ุณูฺฏ ู ฺูุจ ูู ฺฉููู ูุญุฑุงุจ ฺฉุฑุฏู ุขู ูฺฏุงุฑู ุฑู ุฑุง . . . โ #ุฎุฑุฏุงุฏนด #ุนุงู_ูุงูพู #ููุด_ุฌูุงู #ุงุจูุณุนุฏ_ุงุจูุงูุฎุฑ #ูุนูุงุฑ_ุงุฑุงู_ุงุณูุงู
7,https://www.instagram.com/p/BGCYxACB1LwZR4ISvQUz21sNF1dUpKE2yKffxw0/?taken-by=shahrzadseries,https://instagram.fevn1-2.fna.fbcdn.net/vp/15648a714eb5d1f55f0bf3bce3d02651/5C510C71/t51.2885-15/e35/13249773_1773699509542616_1226380212_n.jpg,1464623970,0,70,. ฺุฑฺฉู ุชุฑ ุงุฒ ุขู ุงุณุช ุฌูุงูุช ฺฉู ุชูุงู ูพุงฺฉุฒู ุชุฑ ุงุฒ ุงูฺฉู ุชูุงู ุจูุฏุ ุจูุงู  #ุงุฎูุงู_ุซุงูุซ
6,https://www.instagram.com/p/BFstc1LB1AfVr7Gv5y8qg-KGNflfgBmxY5XJRU0/?taken-by=shahrzadseries,https://instagram.fevn1-2.fna.fbcdn.net/vp/1869f49eac79c7fe8c3ac89d533a83b4/5C7B8D4A/t51.2885-15/e35/13249687_601872803304698_1388084648_n.jpg,1463896617,2,103,. | | | ________________  ุงุฒ ูุงุจู ูุง ฺฉุฏุงู ุจูุงุฑู ุฌูุงูู ุฒุฏู ุจุฑ ุดุงุฎู ูุง ูุงุฒฺฉู ุงูุงุฑุ ุงุฒ ฺฉุฏุงู ุดุงูุฑุงูู ุฏุฑ ููุฑ ุดูุงูุฑุ ุงุฒ ฺฉุฏุงู ูพูุฌุฑู ุขุณูุงูุ ฺุดู ูุงุช ฺฉุฏุงู ฺุดูู ุฑูุดู ุงุณุช ฺฉู ูุฑฺู ุณุชุงุฑู ุฏุฑ ฺฏูุฏุด ุณูุณู ู ุฒูุฏุ ุขู ุงุฒ ุงู ุฑูุฒูุง ุจ ุชูุ ุงุฒ ุงู ุฑฺฉูุฏู ุณุฑุฏู ูุฑุงฺฏุฑุ ุงุฒ ุงู ูุญุธุงุช ุณูฺฏูุงุฑุ ุงุฒ ุงู ุนูุฑุจู ูุง ุนุฒุงุฏุงุฑุ ุงุฒ ุงู ุจูุงุฑ ุฎุฒุงู ุฒุฏูุ ุงุฒ ุงู ฺฉููุงุช ุจููุฏู! ูุฑฺู ุฌุงุฏูุ ุฏุฑ ุบุจุงุฑ ุณุงู ูุง ุจ ุฎุจุฑ ุฏุฑ ุฎูุด ู ูพฺูุฏ. ฺฏูุชู ุงูุฏ ู ุขุ  ุจุง ูฺฏุงู ุงุฒ ููุฑ ุณุฑุดุงุฑ  ุฐูุงูููุงุฑ ุฏุฑ ุฏุณุช  ุฏุณุช ุฏุฑ ุขุจ  ู  ุฏุณุช ุฏุฑ ุขูู ________________ | | | #ุงูุงู_ููุฏ#ุงูุงู_ุฒูุงู
5,https://www.instagram.com/p/BFUA_Teh1FEFaJN1jeq9okejSOPUdgvkbDECFM0/?taken-by=shahrzadseries,https://instagram.fevn1-2.fna.fbcdn.net/vp/990ab91c12a26a4b4b1f923f30427514/5C6FBCE1/t51.2885-15/e35/13118138_596869640492123_2063516704_n.jpg,1463068000,5,100,. . . . _____________________________________/  ูู ูุณุช ู ุชู ุฏูุงูู, ูุง ุฑุง ฺฉู ุจุฑุฏ ุฎุงูู ูู ฺูุฏ ุชู ุฑุง ฺฏูุชู,ฺฉู ุฎูุฑ ุฏู ุณู ูพูุงูู  ุฌุงูุง ุจู ุฎุฑุงุจุงุช ุข,ุชุง ูุฐุช ุฌุงู ุจู ุฌุงู ุฑุง ฺู ุฎูุด ุจุงุดุฏ, ุจ ุตุญุจุช ุฌุงูุงูู  _____________________________________\ . . .
4,https://www.instagram.com/p/BFOu73gh1M3omyzBAp4_lDTY1KYqKeBAtEvk7s0/?taken-by=shahrzadseries,https://instagram.fevn1-2.fna.fbcdn.net/vp/a150a0fd62a20a7d96a4a4109f5f40e7/5C81732B/t51.2885-15/e35/13113710_1730907820490494_2031435475_n.jpg,1462890763,4,47,. #ุฑุงู_ุขูู #ุฑู  #ุงุฒูุง
3,https://www.instagram.com/p/BE3q75ih1MRhT8zfnC5ixsgB_OIIWEGkLa8TOg0/?taken-by=shahrzadseries,https://instagram.fevn1-2.fna.fbcdn.net/vp/e910efd5ba60327a404ec4a9fe49ea65/5C8A32B5/t51.2885-15/e35/13129900_996093983779394_1032914237_n.jpg,1462116914,1,158,ุฎูฺฉุง ฺฉ ุนุตุฑ ุจูุงุฑ โฆ ฺฉูุงุฑ ุดุงู ุจูุชู ุงุณ ูุญุด โฆ ูุฒ ฺฉู ฺฉุงุณู ุง ูพูุฑ ุงุฒ ูพููฺฉ ุฒุนูุฑุงู ุฏุงุฑุฏ ู ุฏู ููุฌุงู ฺุง ุฏุงุบ ุฑุง  ุฎุงู ุฎูุงูู ฺฉุฑุฏ โฆ  ูุทูุง ุจู ุฎุงูู ุจุง !  #ุญุงุท_ุช#ููู_ูพูุฑ#ุนุตุฑ#ุจูุงุฑ
2,https://www.instagram.com/p/BE1njCTh1BH7DEqNzi-XQpGD4StNNON-nvPJ6o0/?taken-by=shahrzadseries,https://instagram.fevn1-2.fna.fbcdn.net/vp/e658678217329e6d677addfd90b3f795/5C649DE7/t51.2885-15/e35/13109064_1002338789855335_1569755196_n.jpg,1462048028,0,100,#ุงุฒูุง#ุขุดูุฑุขุจุงุฏ#ุฏุดุช
1,https://www.instagram.com/p/BEf3mBgB1LcNC39ywcpKu1oAa_1t1hi8C4k-vs0/?taken-by=shahrzadseries,https://instagram.fevn1-2.fna.fbcdn.net/vp/f0c2ae83a57020c639fbeb35b839557e/5C81D3F5/t51.2885-15/e35/12724913_1081117241927340_1077223084_n.jpg,1461318244,0,87,. . . . ุงู ุฌุฒุฑ ู ูุฏ ฺุณุช ูู ุชุง ูุงู ูโุฑูุฏุ ุฏุฑุง ุฏุฑุฏ ูุณุช ูู ุฏุฑ ฺุงู ูโุฑูุฏุ  ุงู ุณุงู ูู ฺุฑุฎ ู ฺฏุฐุฑุฏ ุจุฑ ูุฏุงุฑ ุดูู ุจู ุฎุณูู ู ุชุฑฺฏ ูุงู ูโุฑูุฏ  ฺฏู ูู ฺุฑุฎ ุจู ุฎุทุฑ ุฑุง ุดูุฏู ุงุณุช ู ูุญุธู ููุซ ูุฑุฏูุ ุจู ุงูุฑุงู ูโุฑูุฏ  ุขุจุณุชู ุนุฒุง ุนุธู ุงุณุชุ ูุงู ฺูู ุขุณูู ุณุฑ ูุณู ุณุญุฑฺฏุงู ูโุฑูุฏ  ุงูุดุจ ูุฑู ูุชุงุฏู ูฺฏุฑ ูุงู ุงุฒ ุขุณูุงู ุง ุขูุชุงุจ ุฑู ุฒูู ุฑุงู ูโุฑูุฏุ  ุฏุฑ ููฺูโูุง ูููู ุตุฏุง ุนุจูุฑ ูุณุชุ ฺฏูุง ุฏู ุจู ููุตุฏ ุฏูุฎูุงู ูโุฑูุฏ  ุฏุงุฑุฏ ุณุฑ ุดูุงูุชู ูุฑู ุขูุชุงุจ ุขู ุณุงู ุง ูู ุฏุฑ ุฏู ุดุจ ุฑุงู ูโุฑูุฏ  #ูููุง #ููุตุฑ_ุงููู_ูพูุฑ
